date,sscpi
2019-01-31,-0.9570392814433142
2019-02-28,-0.6998485426871655
2019-03-31,-1.2014088357053958
2019-04-30,-0.9052849177844329
2019-05-31,-0.9639556786682107
2019-06-30,-0.9901545322860664
2019-07-31,-1.3300558728102203
2019-08-31,-0.4151919348293621
2019-09-30,-1.2768503555121813
2019-10-31,-0.7140672097261674
2019-11-30,-0.7544359922205263
2019-12-31,-0.8618717932247166
2020-01-31,-0.8325746695428973
2020-02-29,-1.0599965293671354
2020-03-31,-0.28799924660378323
2020-04-30,0.43734503724720203
2020-05-31,1.8029770083813572
2020-06-30,1.0305667681426063
2020-07-31,0.3651198719368833
2020-08-31,-0.8066362148886546
2020-09-30,-0.7779282184766232
2020-10-31,-0.9308326249083068
2020-11-30,-0.4361501381209146
2020-12-31,-0.25066571592990633
2021-01-31,0.4943831690366714
2021-02-28,0.3060232516264735
2021-03-31,0.18309793234063887
2021-04-30,0.18036169454061038
2021-05-31,0.5873858967314037
2021-06-30,0.9885898021061007
2021-07-31,1.4833946862300098
2021-08-31,1.0837083913454866
2021-09-30,1.367430298445578
2021-10-31,1.4501428164253
2021-11-30,1.6594155038921123
2021-12-31,1.7612571847865781
2022-01-31,1.695363774643383
2022-02-28,1.6066703505501159
2022-03-31,1.955410665679178
2022-04-30,2.110193937267358
2022-05-31,1.7510526245619629
2022-06-30,1.8390000779428284
2022-07-31,2.122973349043465
2022-08-31,2.061364888725289
2022-09-30,2.174097121177373
2022-10-31,1.6951405498778065
2022-11-30,1.1479411857965118
2022-12-31,0.5142765588141673
2023-01-31,0.16019449743744707
2023-02-28,0.18486823974529906
2023-03-31,0.8565360516861087
2023-04-30,0.5446508741668046
2023-05-31,0.5891535516476447
2023-06-30,-0.019742053478301328
2023-07-31,-0.7122582488057808
2023-08-31,-0.7025636782591239
2023-09-30,-0.5431600526596443
2023-10-31,-0.8082679284238503
2023-11-30,-0.9429497158830031
2023-12-31,-0.954481337870791
2024-01-31,-0.8226691361495584
2024-02-29,-0.5173851243149699
2024-03-31,-0.6701987704525293
2024-04-30,-0.6806983878640873
2024-05-31,-0.3261669219265354
2024-06-30,-1.1464411624047564
2024-07-31,-0.8069368386159487
2024-08-31,-0.8794194631364962
2024-09-30,-0.9858123173596238
2024-10-31,-0.8245144644913388
2024-11-30,-0.5463487188930035
2024-12-31,-0.6168678594055833
2025-01-31,-0.5786192438647794
2025-02-28,-0.5825416189510221
2025-03-31,-0.4994681593866174
2025-04-30,-0.6857977043859902
2025-05-31,-0.4927937598020343
2025-06-30,-0.5166822081461411
2025-07-31,-0.4700351511011987
2025-08-31,-0.3732052628722739
2025-09-30,-0.5674766314081491
2025-10-31,-0.5890417125664446
2025-11-30,-0.1538612280966458
2025-12-31,-0.5054946686124282
2026-01-31,-0.6614087903927655
2026-02-28,-0.9382481971764489
2026-03-31,-0.2442491620321102
2026-04-30,-0.07745728259409064
2026-05-31,0.1756520249012631
2026-06-30,-0.4695283703589703
